id,question,answer,source_passage,source_item,source_section,source_page,question_type,difficulty,context_recall_score,faithfulness_pass,numeric_check_pass,verbatim_match_score,verifier_confidence,verifier_reason,source_chunk_ids
29d382d9-b2f0-489b-b48f-83675abfe407,What is the fiscal year end date mentioned in the passage?,"June 30, 2025","For the Fiscal Year Ended June 30, 2025",,Untitled,,fact_extraction,easy,0.883,True,,0.9744,high,"The passage explicitly states ""For the Fiscal Year Ended June 30, 2025"".",chunk_00000
b9fd22e8-7fcb-4b04-a408-92023b28d0f7,What is the par value per share of the common stock?,$0.00000625,"Common stock, $ 0.00000625 par value per share",,Untitled,,fact_extraction,easy,0.8301,True,,1.0,high,The passage explicitly states the par value per share of common stock is $0.00000625.,chunk_00000
db5e002e-0a0a-45a2-b7db-9e6aa65fb20d,What is the goal of the company in several distinct areas of technology over the long term?,sustained growth,which we expect will translate to sustained growth.,Item 1,PART I > Item 1 > Our Future Opportunity,,fact_extraction,easy,0.8495,True,,1.0,high,The passage explicitly states that something is expected to translate to 'sustained growth'.,chunk_00019
2abe731c-a569-415f-8286-4c3801198d40,What is the name of the product that utilizes ambient intelligence to drive insights and provide substantive productivity gains?,Microsoft 365 Copilot and agents,using Microsoft 365 Copilot and agents.,Item 1,PART I > Item 1 > Our Future Opportunity,,fact_extraction,easy,0.9842,True,,1.0,high,"The passage explicitly states ""using Microsoft 365 Copilot and agents.""",chunk_00019
2ec6b249-da03-40f6-a2cd-fd27b313c1ec,"What segment of the company consists of public, private, and hybrid server products and cloud services?",Intelligent Cloud,"Our Intelligent Cloud segment consists of our public, private, and hybrid server products and cloud services that power modern business and developers.",Item 1,PART I > Item 1 > Intelligent Cloud,,fact_extraction,easy,0.7224,True,,1.0,high,"The passage explicitly states that ""Our Intelligent Cloud segment consists of our public, private, and hybrid server products and cloud services"".",chunk_00031
3fe5bd1e-758f-4f05-9da7-295b18f89ef7,What are some of the factors that contribute to Windows' competitiveness?,"choice, value, flexibility, security, an easy-to-use interface, and compatibility with a broad range of hardware and software applications","We believe Windows competes effectively by giving customers choice, value, flexibility, security, an easy-to-use interface, and compatibility with a broad range of hardware and software applications, including those that enable productivity.",Item 1,PART I > Item 1 > Competition,,fact_extraction,easy,0.8086,True,,1.0,high,The passage explicitly lists these factors as reasons why Windows competes effectively.,chunk_00043
79e53ae0-66d2-47be-be4c-ce9304fe412f,What are some of the factors that contribute to Xbox's competitiveness?,"significant innovation in hardware architecture, user interface, developer tools, online gaming and entertainment services, and continued strong content from our own first-party game franchises as well as other digital content offerings","Our gaming platform competes with other console platforms. We believe our gaming platform is effectively positioned against, and uniquely differentiated from, competitive products and services based on significant innovation in hardware architecture, user interface, developer tools, online gaming and entertainment services, and continued strong content from our own first-party game franchises as well as other digital content offerings.",Item 1,PART I > Item 1 > Competition,,fact_extraction,easy,0.7637,True,,1.0,high,The passage explicitly lists these factors as contributing to the platform's competitive positioning.,chunk_00043
13609db0-685f-4d4c-8ae8-8af9bd75d656,Which OEMs do we have distribution agreements with?,"virtually all the multinational OEMs, including Dell, Hewlett-Packard, Lenovo, and with many regional and local OEMs","We have distribution agreements covering one or more of our products with virtually all the multinational OEMs, including Dell, Hewlett-Packard, Lenovo, and with many regional and local OEMs.",Item 1,PART I > Item 1 > OEMs,,fact_extraction,easy,0.891,True,,1.0,high,The passage explicitly states the distribution agreements cover the OEMs listed in both answers.,chunk_00055
d6d89650-6b66-423b-8181-d278dca85d0f,When was Mr. Nadella appointed Chairman of the Board?,June 2021,Mr. Nadella was appointed Chairman of the Board in June 2021,Item 1,PART I > Item 1 > E OFFICERS,,fact_extraction,easy,0.685,True,,1.0,high,The passage explicitly states that Mr. Nadella was appointed Chairman of the Board in June 2021.,chunk_00068
42130caa-b3cd-4a61-9f2f-2fadf95b3f30,In what year did Ms. Hood join Microsoft?,2002,Since joining Microsoft in 2002,Item 1,PART I > Item 1 > E OFFICERS,,fact_extraction,easy,0.7196,True,,1.0,high,The passage explicitly states that the person joined Microsoft in 2002.,chunk_00068
523cf6f3-5b21-45ca-8586-aeec0be2ec70,How do some companies compete with us by modifying and then distributing open source software?,at little or no cost to end users,Some companies compete with us by modifying and then distributing open source software at little or no cost to end users,Item 1A,PART I > Item 1A > Business model competition,,fact_extraction,easy,0.7207,True,,1.0,high,"The passage explicitly states that some companies compete by distributing modified open source software ""at little or no cost to end users"".",chunk_00081
8f9f9435-e3ee-4f21-97c9-ffcd5a151b03,What type of attack is described as having affected the company's customers in the past?,nation-state attack,"Threats to or attacks on our own infrastructure, such as the nation-state attack described in the prior risk factor, have also affected our customers and may do so in the future.",Item 1A,PART I > Item 1A,,fact_extraction,easy,0.6943,True,,1.0,high,The passage explicitly states that a 'nation-state attack' has affected the company's customers.,chunk_00094
aca49130-0925-450f-a852-831b3a5f9334,What type of vulnerabilities are mentioned as being exploited by attackers?,zero-day vulnerabilities,"In addition, adversaries can attack our customers’ on-premises or cloud environments, sometimes exploiting previously unknown (“zero-day”) vulnerabilities.",Item 1A,PART I > Item 1A,,fact_extraction,easy,0.7648,True,,1.0,high,"The passage explicitly states that attackers sometimes exploit ""zero-day"" vulnerabilities.",chunk_00094
36ab9d0a-37b5-45f6-b4f6-053b1271420c,"What may subject us to enhanced regulatory oversight, civil or criminal liability, or reputational damage?",Failure to comply with content requirements,"Failure to comply with content requirements may subject us to enhanced regulatory oversight, civil or criminal liability, or reputational damage, which could adversely affect our business, financial condition, and results of operations.",Item 1A,PART I > Item 1A > Other digital safety abuses,,fact_extraction,easy,0.6878,True,,1.0,high,The passage explicitly states that 'Failure to comply with content requirements may subject us to...' the listed consequences.,chunk_00107
99e50602-b9ca-4c4f-833c-a7f3656a636c,"What may present security, privacy, and execution risks?","Our products and services, how they are used by customers, and how third-party products and services interact with them","Our products and services, how they are used by customers, and how third-party products and services interact with them, may present security, privacy, and execution risks.",Item 1A,PART I > Item 1A > Other digital safety abuses,,fact_extraction,easy,0.8633,True,,1.0,high,The passage explicitly states that these elements may present the specified risks.,chunk_00107
c86a76e4-c372-4fbb-a1f8-ac976832b79b,What jurisdictions have competition laws that allow competitors or consumers to assert claims of anti-competitive conduct?,Some jurisdictions,Some jurisdictions also allow competitors or consumers to assert claims of anti-competitive conduct.,Item 1A,"PART I > Item 1A > LEGAL, REGULATORY, AND LITIGATION RISKS",,fact_extraction,easy,0.7086,True,,1.0,high,The passage explicitly states that 'Some jurisdictions also allow competitors or consumers to assert claims of anti-competitive conduct.',chunk_00119
b5548d25-6de8-4d1f-9130-2b68b08b7708,What countries are mentioned as having governments that are actively enforcing competition laws and regulations?,"the EU, the United Kingdom, the U.S., and China","the EU, the United Kingdom, the U.S., and China",Item 1A,"PART I > Item 1A > LEGAL, REGULATORY, AND LITIGATION RISKS",,fact_extraction,easy,1.0,True,,1.0,high,"The passage explicitly lists 'the EU, the United Kingdom, the U.S., and China' without any qualifying language.",chunk_00119
4bc4bb8c-35ee-4403-a3b7-415696a886f9,What may result in significant monetary damages or injunctive relief?,Adverse outcomes in some or all of these claims,Adverse outcomes in some or all of these claims may result in significant monetary damages or injunctive relief that could adversely affect our ability to conduct our business.,Item 1A,PART I > Item 1A,,fact_extraction,easy,0.8307,True,,1.0,high,The passage directly states that adverse outcomes in some or all of these claims may result in significant monetary damages or injunctive relief.,chunk_00131
f686c332-df5a-41dd-8215-cc07f26d1818,What could occur for the period in which the effect of an unfavorable outcome becomes probable and reasonably estimable?,An adverse impact to our financial condition and results of operations,An adverse impact to our financial condition and results of operations could occur for the period in which the effect of an unfavorable outcome becomes probable and reasonably estimable.,Item 1A,PART I > Item 1A,,fact_extraction,easy,0.8735,True,,1.0,high,The passage directly states that an adverse impact to financial condition and results of operations could occur under the specified conditions.,chunk_00131
ea6b5fc7-7650-4607-ac00-9d937987b1a0,What could adversely affect our results of operations?,"Global, regional, and local economic developments, monetary policy, geopolitical tension, particularly between the U.S. and Europe, restrictions on international trade, such as tariffs and other controls on imports or exports, inflation, and recession, as well as political and military disputes.","Global, regional, and local economic developments, monetary policy, geopolitical tension, particularly between the U.S. and Europe, restrictions on international trade, such as tariffs and other controls on imports or exports, inflation, and recession, as well as political and military disputes, could adversely affect our results of operations.",Item 1A,PART I > Item 1A,,fact_extraction,easy,0.9301,True,,1.0,high,"The passage directly lists the factors that could adversely affect results of operations, and the derived answer is a verbatim copy of that list.",chunk_00143
ae4fbc34-a5ce-47dd-86e8-1403e06f3eb2,"What could result in reputational harm, operational delays, monetary fines, loss of revenue, increased costs, loss of export privileges, or criminal sanctions?",Non-compliance with sanctions as well as general ecosystem disruptions,"Non-compliance with sanctions as well as general ecosystem disruptions could result in reputational harm, operational delays, monetary fines, loss of revenue, increased costs, loss of export privileges, or criminal sanctions,",Item 1A,PART I > Item 1A,,fact_extraction,easy,0.8203,True,,1.0,high,The passage directly states that non-compliance with sanctions and ecosystem disruptions could result in the listed consequences.,chunk_00143
0cf22ee1-cdbf-4a51-8a45-05dcdfa56326,What section of the Form 10-K describes the risks from cybersecurity threats?,"section “Risk Factors” (Part I, Item 1A of this Form 10-K)","We describe the risks from cybersecurity threats, including previous cybersecurity incidents, in section “Risk Factors” (Part I, Item 1A of this Form 10-K).",Item 1C,PART I > Item 1C,,fact_extraction,easy,0.8243,True,,1.0,high,"The passage directly states that the risks from cybersecurity threats are described in section “Risk Factors” (Part I, Item 1A of this Form 10-K).",chunk_00155
1803f9c4-8157-4c97-9603-254769634a29,What is the current status of cybersecurity threats affecting the company?,we do not believe any risks from cybersecurity threats have materially affected or are reasonably likely to materially affect us,"As of the date of this Form 10-K, we do not believe any risks from cybersecurity threats have materially affected or are reasonably likely to materially affect us, including our results of operations or financial condition.",Item 1C,PART I > Item 1C,,fact_extraction,easy,0.8669,True,,1.0,high,The derived answer is a direct quote from the provided passage.,chunk_00155
946beb86-72f4-4fcf-835c-3c5f66bcd6bd,What was the revenue increase of Microsoft Cloud revenue compared to fiscal year 2024?,23%,Microsoft Cloud revenue increased 23% to $168.9 billion.,ITEM 7. MANAGEMENT’S DISCUSSION AND ANALYSIS OF,PART II > ITEM 7. MANAGEMENT’S DISCUSSION AND ANALYSIS OF > OVERVIEW,,fact_extraction,easy,0.6238,True,,1.0,high,The passage explicitly states that Microsoft Cloud revenue increased 23%.,chunk_00169
7e3ff327-a4fe-43f7-8ab8-72923e5fbd46,What was the increase in Microsoft 365 Commercial cloud revenue?,15%,Microsoft 365 Commercial cloud revenue grew 15%,Item 7,PART II > Item 7 > SEGMENT RESULTS OF OPERATIONS > Productivity and Business Processes,,fact_extraction,easy,0.6653,True,,1.0,high,The passage explicitly states that Microsoft 365 Commercial cloud revenue grew 15%.,chunk_00183
e4fc02e6-323f-4885-8cd4-ee5a2d007c3b,How many subscribers did Microsoft 365 Consumer have?,89.0 million,Microsoft 365 Consumer subscriber growth of 8% to 89.0 million,Item 7,PART II > Item 7 > SEGMENT RESULTS OF OPERATIONS > Productivity and Business Processes,,fact_extraction,easy,0.636,True,,1.0,high,The passage explicitly states Microsoft 365 Consumer had 89.0 million subscribers.,chunk_00183
7d783154-7116-47c9-98a9-fd78fec556a2,What was the effective tax rate for fiscal year 2025?,18%,Our effective tax rate for both fiscal years 2025 and 2024 was 18%,Item 7,PART II > Item 7,,fact_extraction,easy,0.7521,True,,1.0,high,The passage explicitly states the effective tax rate for both 2025 and 2024 was 18%.,chunk_00196
67cd8d20-e20b-4a16-bef8-8027df7f0147,What was the global minimum corporate tax rate established by the OECD?,15%,established a global minimum corporate tax rate of 15% for certain multinational enterprises,Item 7,PART II > Item 7,,fact_extraction,easy,0.7325,True,,1.0,high,The passage explicitly states a global minimum corporate tax rate of 15% was established.,chunk_00196
4392696a-10e9-4c93-8b6e-7ecbbbecac48,What is the primary subject of purchase commitments?,datacenters,Purchase commitments primarily relate to datacenters and include open purchase orders and take-or-pay contracts that are not presented as construction commitments above.,Item 7,PART II > Item 7 > Contractual Obligations,,fact_extraction,easy,0.6178,True,,1.0,high,The passage explicitly states that purchase commitments 'primarily relate to datacenters'.,chunk_00208
272dd405-0c1f-44d0-b854-2e2be36973a4,When is technological feasibility of a software product established?,after all high-risk development issues have been resolved through coding and testing,We have determined that technological feasibility for our software products is reached after all high-risk development issues have been resolved through coding and testing.,Item 7,PART II > Item 7,,fact_extraction,easy,0.8764,True,,1.0,high,The passage directly states that technological feasibility is reached when all high-risk development issues are resolved through coding and testing.,chunk_00221
92aedc05-39a3-4190-8f28-92e9e35537ba,What percentage likelihood of being realized upon ultimate settlement is used to measure the tax benefits recognized in the financial statements from an uncertain tax position?,50%,The tax benefits recognized in the financial statements from such a position are measured based on the largest benefit that has a greater than 50% likelihood of being realized upon ultimate settlement.,Item 7,PART II > Item 7,,fact_extraction,easy,0.6158,True,,1.0,high,The passage explicitly states that the tax benefits are measured based on the largest benefit that has a 'greater than 50% likelihood' of being realized.,chunk_00221
e8166dec-9aac-4bd6-8bd2-7cb6dc707ffb,"What is the total amount of cash, cash equivalents, and short-term investments as of June 30, 2025?","94,565","Total cash, cash equivalents, and short-term investments 94,565 75,543",Item 8,PART II > Item 8,,fact_extraction,easy,0.7459,True,,1.0,high,"The passage directly states ""Total cash, cash equivalents, and short-term investments 94,565"" without specifying a date, but it is the only value provided for this metric.",chunk_00237
6661a0b6-9de2-4c8d-a259-9017b708d897,"What is the amount of goodwill as of June 30, 2025?","119,509","Goodwill 119,509 119,220",Item 8,PART II > Item 8,,fact_extraction,easy,0.7483,True,,1.0,high,"The passage directly states ""Goodwill 119,509 119,220"", and the question asks for the amount of goodwill, which is explicitly given as 119,509.",chunk_00237
ca74d44b-6eba-4af1-9045-166eb48605a5,What is revenue recognized net of?,allowances for returns and any taxes collected from customers,"Revenue is recognized net of allowances for returns and any taxes collected from customers, which are subsequently remitted to governmental authorities.",Item 8,PART II > Item 8 > Revenue Recognition,,fact_extraction,easy,0.8176,True,,1.0,high,The passage explicitly states that revenue is recognized net of 'allowances for returns and any taxes collected from customers'.,chunk_00254
90f5550c-c14e-4080-918d-ea9cc855b44e,What is the advertising expense for fiscal year 2025?,$2.1 billion,"Advertising expense was $ 2.1 billion, $ 1.7 billion, and $ 904 million in fiscal years 2025, 2024, and 2023, respectively.",Item 8,PART II > Item 8 > Sales and Marketing,,fact_extraction,easy,0.7051,True,,1.0,high,The passage explicitly states that advertising expense was $2.1 billion in fiscal year 2025.,chunk_00266
8960a440-1877-4c8e-804d-44f41b999199,What is the method used to recognize compensation cost for RSUs?,the straight-line method,Compensation cost for RSUs is recognized using the straight-line method and for PSUs is recognized using the accelerated method.,Item 8,PART II > Item 8 > Sales and Marketing,,fact_extraction,easy,0.6396,True,,1.0,high,The passage explicitly states that compensation cost for RSUs is recognized using the straight-line method.,chunk_00266
bb1fe07f-d054-4f26-8bdf-e0538b9675d6,What are the three levels of fair value based on the extent to which inputs used in measuring fair value are observable in the market?,three levels,The hierarchy below lists three levels of fair value based on the extent to which inputs used in measuring fair value are observable in the market.,Item 8,PART II > Item 8,,fact_extraction,easy,0.6868,True,,1.0,high,The passage directly states the existence of three levels of fair value.,chunk_00278
1cb1a8d1-f6ee-4fdd-9486-4fa3404e6d1d,What are the types of investments included in Level 1?,"U.S. government securities, common and preferred stock, and mutual funds","Our Level 1 investments include U.S. government securities, common and preferred stock, and mutual funds.",Item 8,PART II > Item 8,,fact_extraction,easy,0.8497,True,,1.0,high,The passage explicitly lists these as the investments included in Level 1.,chunk_00278
74306ea6-0bae-4834-b745-7e350acf3d0f,What percentage of equity interest in Inflection did Reprogrammed Interchange LLC hold as of the date of the agreement?,less than a 10%,"As of the date of the agreement with Inflection, Reprogrammed Interchange LLC (“Reprogrammed”) and entities affiliated with Greylock Ventures (“Greylock”) each held less than a 10 % equity interest in Inflection.",Item 8,PART II > Item 8 > Related Party Transactions,,fact_extraction,easy,0.6028,True,,1.0,high,The passage explicitly states that Reprogrammed Interchange LLC held less than a 10% equity interest in Inflection.,chunk_00290
a5fab167-06ed-42a5-8831-20dc23606f7d,"What is the total of U.S. government securities as of June 30, 2024?","49,603","U.S. government securities Level 1 49,603 4 ( 2,948 ) 46,659",Item 8,PART II > Item 8,,fact_extraction,easy,0.6889,True,,1.0,high,"The passage explicitly states ""U.S. government securities Level 1 49,603"".",chunk_00302
d16c6162-42b1-4b01-8abf-495f5fa731e7,"What is the total of equity investments as of June 30, 2024?","13,661","Total equity investments $ 13,661 $ 561 $ 0 $ 13,100",Item 8,PART II > Item 8,,fact_extraction,easy,0.7275,True,,1.0,high,"The passage directly states ""Total equity investments $ 13,661"".",chunk_00302
a554f195-4292-4edb-b9e9-bd943f88b1f3,"What is the gross amount of foreign exchange contracts as of June 30, 2025?",$ 248 million,Foreign exchange contracts 248 ( 809 ) 213 ( 230 ),Item 8,PART II > Item 8,,fact_extraction,easy,0.6929,True,,1.0,high,"The passage directly states 'Foreign exchange contracts 248', which is the only numerical data provided relating to foreign exchange contracts.",chunk_00315
c8638297-5b98-4f07-9f1d-9085387c1eb1,"What is the total of gross amounts of derivatives as of June 30, 2025?",$ 758 million,"Gross amounts of derivatives 758 ( 1,837 ) 331 ( 800 )",Item 8,PART II > Item 8,,fact_extraction,easy,0.6714,True,,1.0,high,"The passage directly states ""Gross amounts of derivatives 758"".",chunk_00315
68557898-d339-4a7e-9b99-b9c9cb8afacd,What is the methodology primarily used to test goodwill for impairment?,"a discounted cash flow methodology with a peer-based, risk-adjusted weighted average cost of capital","We test goodwill for impairment annually on May 1 at the reporting unit level, primarily using a discounted cash flow methodology with a peer-based, risk-adjusted weighted average cost of capital.",Item 8,PART II > Item 8 > NOTE 8 — GOODWILL > Goodwill Impairment,,fact_extraction,easy,0.7649,True,,1.0,high,"The passage explicitly states that goodwill impairment is tested 'primarily using a discounted cash flow methodology with a peer-based, risk-adjusted weighted average cost of capital'.",chunk_00327
5a6a811c-1796-472c-b0b8-6cbbd7599c05,"What is the accumulated goodwill impairment as of June 30, 2025?",$ 11.3 billion,"As of June 30, 2025 and 2024, accumulated goodwill impairment was $ 11.3 billion.",Item 8,PART II > Item 8 > NOTE 8 — GOODWILL > Goodwill Impairment,,fact_extraction,easy,0.71,True,,1.0,high,"The passage explicitly states that as of June 30, 2025, accumulated goodwill impairment was $11.3 billion.",chunk_00327
610918d8-0e5f-4319-b5f7-9ddaf6860082,What was the decrease in our effective tax rate for fiscal year 2025 compared to fiscal year 2024 due to?,changes in the mix of our earnings and tax expenses between the U.S. and foreign countries.,The decrease in our effective tax rate for fiscal year 2025 compared to fiscal year 2024 was due to changes in the mix of our earnings and tax expenses between the U.S. and foreign countries.,Item 8,PART II > Item 8,,fact_extraction,easy,0.8689,True,,1.0,high,The passage directly states the reason for the decrease in the effective tax rate.,chunk_00340
5febfa8d-35e3-41fc-9a7e-c59c31d4e2f2,"What was the amount of deferred income tax assets, net of valuation allowance, as of June 30, 2025?","$45,943","Deferred income tax assets, net of valuation allowance $ 45,943 $ 32,099",Item 8,PART II > Item 8,,fact_extraction,easy,0.7456,True,,1.0,high,"The passage directly states ""Deferred income tax assets, net of valuation allowance $ 45,943"".",chunk_00340
65a90f52-f5be-46ea-b4ff-66fd67ba5f84,"What is the total operating lease liabilities as of June 30, 2025?","$ 22,861","Total operating lease liabilities $ 22,861 $ 19,077",Item 8,PART II > Item 8,,fact_extraction,easy,0.7367,True,,1.0,high,"The passage directly states 'Total operating lease liabilities $ 22,861'.",chunk_00353
a198e45c-9abd-4c7e-81a9-9943aef9c3f7,What is the Declaration Date for the dividend declared in Fiscal Year 2025?,"September 16, 2024","Our Board of Directors declared the following dividends: Declaration Date Record Date Payment Date Dividend Per Share Amount Fiscal Year 2025 (In millions) September 16, 2024 November 21, 2024 December 12, 2024 $ 0.83 $ 6,170",Item 8,PART II > Item 8 > Dividends,,fact_extraction,easy,0.6462,True,,1.0,high,"The passage explicitly states 'Declaration Date: September 16, 2024' for the Fiscal Year 2025 dividend.",chunk_00365
019fa32f-78b3-4345-96ce-63c7d9497694,What is the total dividend declared in Fiscal Year 2024?,$ 3.00,"Total $ 3.00 $ 22,295",Item 8,PART II > Item 8 > Dividends,,fact_extraction,easy,0.8584,True,,1.0,high,"The passage explicitly states ""Total $3.00 $22,295"" which directly provides the total amount.",chunk_00365
1bca4adb-5986-48f4-bb51-378385d76c6b,Who evaluated the effectiveness of the disclosure controls and procedures?,"our management, including the Chief Executive Officer and Chief Financial Officer","Under the supervision and with the participation of our management, including the Chief Executive Officer and Chief Financial Officer, we have evaluated the effectiveness of our disclosure controls and procedures as required by Exchange Act Rule 13a-15(b) as of the end of the period covered by this report.",ITEM 9A. CONTROLS,PART II > ITEM 9A. CONTROLS > AND PROCEDURES,,fact_extraction,easy,0.7277,True,,1.0,high,"The passage explicitly states the evaluation was done ""under the supervision and with the participation of our management, including the Chief Executive Officer and Chief Financial Officer"".",chunk_00403
4be8e9d7-61a2-4f88-aafa-a7cdd7b3abb6,What information is incorporated herein by reference?,"The information in the Proxy Statement set forth under the captions “Stock Ownership Information,” “Principal Shareholders,” and “Equity Compensation Plan Information”","The information in the Proxy Statement set forth under the captions “Stock Ownership Information,” “Principal Shareholders,” and “Equity Compensation Plan Information” is incorporated herein by reference.",ITEM 12. SECURITY OWNERSHIP OF CERTAIN BENEFICIAL OWN,PART III > ITEM 12. SECURITY OWNERSHIP OF CERTAIN BENEFICIAL OWN > ERS AND MANAGEMENT AND RELATED STOCKHOLDER MATTERS,,fact_extraction,easy,0.963,True,,1.0,high,The passage explicitly states that the information described is incorporated by reference.,chunk_00418
0ee22526-51cb-4e39-8388-abb4868014e9,What is the purpose of the report?,ANNUAL REPORT PURSUANT TO SECTION 13 OR 15(d) OF THE SECURITIES EXCHANGE ACT OF 1934,☒ | ANNUAL REPORT PURSUANT TO SECTION 13 OR 15(d) OF THE SECURITIES EXCHANGE ACT OF 1934,,10-K,,fact_extraction,easy,0.9824,True,,1.0,high,"The passage explicitly states ""ANNUAL REPORT PURSUANT TO SECTION 13 OR 15(d) OF THE SECURITIES EXCHANGE ACT OF 1934"" as the report's designation.",table_0000
67e6769a-8487-447c-b2ef-98312886d07a,What is the name of the channel through which Windows Pro and non-Pro licenses are sold?,OEM channel,"Windows OEM and Devices revenue growth | Revenue from sales of Windows Pro and non-Pro licenses sold through the OEM channel and sales of first-party Devices, including Surface and PC accessories",Item 7,PART II > Item 7 > More Personal Computing,,fact_extraction,easy,0.6532,True,,1.0,high,The passage explicitly states that Windows Pro and non-Pro licenses are sold through the OEM channel.,table_0012
bbdce579-7cd4-4d0b-bd58-7e2177aa1457,What is the name of the services that comprise revenue from Xbox content and services?,"first- and third-party content (including games and in-game content), Xbox Game Pass and other subscriptions, Xbox Cloud Gaming, advertising, and other cloud services","Xbox content and services revenue growth | Revenue from Xbox content and services, comprising first- and third-party content (including games and in-game content), Xbox Game Pass and other subscriptions, Xbox Cloud Gaming, advertising, and other cloud services",Item 7,PART II > Item 7 > More Personal Computing,,fact_extraction,easy,0.8687,True,,1.0,high,The passage directly lists these services as comprising revenue from Xbox content and services.,table_0012
26508e80-a2cb-44c4-898e-d6077d997354,"What is the net income for the year ended June 30, 2025?",$101832,"Year Ended June 30, | 2025 | 2025 |  | 2024 | 2024 |  | 2023 | 2023 | 
Net income | $ | 101832 |  | $ | 88136 |  | $ | 72361 |",Item 8,PART II > Item 8 > COME STATEMENTS,,fact_extraction,easy,0.6789,True,,1.0,high,"The passage directly states the net income for the year ended June 30, 2025 is $101832.",table_0024
17e21e03-54de-492d-8c69-4fa3c6f576af,"What is the net change related to derivatives for the year ended June 30, 2024?",$24,Net change related to derivatives |  | (5 | ) |  | 24 |  |  | (14 | ),Item 8,PART II > Item 8 > COME STATEMENTS,,fact_extraction,easy,0.6504,True,,1.0,high,"The passage directly states 'Net change related to derivatives |  | (5 | ) |  | 24 |  |  | (14 | )', indicating a value of $24.",table_0024
2f3e38e0-b457-4894-854b-c254e1490d5a,What is the Weighted Average Life for Technology-based assets in 2024?,4 years,| 10947 |  | 4 years | Technology-based |  | 912 |  | 9 years |  | 10947 |  | 4 years,Item 8,PART II > Item 8,,fact_extraction,easy,0.7752,True,,1.0,high,"The passage directly states '4 years' next to 'Technology-based', which is the requested information.",table_0048
f1b59ca7-82a5-4964-a442-1f733bfcd320,What was the amount of operating cash flows from finance leases in 2024?,$734.0,Operating cash flows from finance leases |  | 1372.0 |  | 734.0 |  | 501.0,Item 8,PART II > Item 8 > — LEASES,,fact_extraction,easy,0.6997,True,,1.0,high,The passage directly states 'Operating cash flows from finance leases |  | 734.0' which corresponds to the value for 2024.,table_0060
e783f61f-adab-42ab-9ac4-edca6ea655b0,What was the amount of right-of-use assets obtained in exchange for lease obligations from finance leases in 2023?,$3128.0,Finance leases |  | 20511.0 |  | 11633.0 |  | 3128.0,Item 8,PART II > Item 8 > — LEASES,,fact_extraction,easy,0.7247,True,,1.0,high,The passage directly states '3128.0' under the column that represents the amount related to finance leases.,table_0060
aed9bbb2-7641-4649-8c7a-4a194cfd2bb3,"What was the total revenue for the year ended June 30, 2023?",$211915.0,$ | 211915.0,Item 8,PART II > Item 8,,fact_extraction,easy,0.9643,True,,1.0,high,The passage directly states the value as $211915.0 without any ambiguity.,table_0072
6a3c8487-b93d-4182-bd9f-99222de5817c,What is the difference between the number of years for the 3.125% Notes due 2028 and the 2.625% Notes due 2033?,2033 - 2028 = 5,3.125% Notes due 2028 MSFT Nasdaq 2.625% Notes due 2033 MSFT Nasdaq,,Untitled,,numeric_calculation,medium,0.6865,,True,1.0,,Claimed value 5.0 matches abs_difference of 2028.0 and 2033.0 (computed=5.0000) within 1.0% tolerance.,chunk_00000
201b9d7d-d863-4bf8-a199-f05b75651aa8,What is the percentage increase in Search and news advertising revenue excluding traffic acquisition costs from fiscal year 2024 to fiscal year 2025?,20%,Search and news advertising revenue excluding traffic acquisition costs increased 20%,ITEM 7. MANAGEMENT’S DISCUSSION AND ANALYSIS OF,PART II > ITEM 7. MANAGEMENT’S DISCUSSION AND ANALYSIS OF > OVERVIEW,,numeric_calculation,medium,0.6554,,True,1.0,,Claimed answer matches the single number found in the passage.,chunk_00169
b4f3d9e0-c29f-468f-af2d-f2036408b21b,What is the percentage of the tax benefit that has a greater than 50% likelihood of being realized upon ultimate settlement?,50%,The tax benefits recognized in the financial statements from such a position are measured based on the largest benefit that has a greater than 50% likelihood of being realized upon ultimate settlement.,Item 7,PART II > Item 7,,numeric_calculation,medium,0.6158,,True,1.0,,Claimed answer matches the single number found in the passage.,chunk_00221
2356dfb4-1adf-408a-91fe-256b04262cbd,What is the difference between the deferred income tax assets for fiscal year 2025 and fiscal year 2024?,"45,943 - 32,099 = 13,844","Deferred income tax assets, net of valuation allowance $ 45,943 $ 32,099",Item 8,PART II > Item 8,,numeric_calculation,medium,0.663,,True,1.0,,Claimed value 13844.0 matches difference of 45943.0 and 32099.0 (computed=13844.0000) within 1.0% tolerance.,chunk_00340
cc53dc29-3b9d-48b9-b573-2239a21ff4ea,What is the difference in the weighted average life of marketing-related intangible assets between 2024 and 2025?,24 - 10 = 14,Marketing-related | $ | 13 |  | 10 years | $ | 11619 |  | 24 years,Item 8,PART II > Item 8,,numeric_calculation,medium,0.6161,,True,1.0,,Claimed value 14.0 matches abs_difference of 10.0 and 24.0 (computed=14.0000) within 1.0% tolerance.,table_0048
7f43c2ec-909f-4ca3-b9bb-d3502b7e1480,What is the ratio of the total amount of intangible assets in 2025 to the total amount in 2024?,1096 / 23264,Total | $ | 1096 |  | 9 years | $ | 23264 |  | 14 years,Item 8,PART II > Item 8,,numeric_calculation,medium,0.7277,,True,1.0,,Claimed value 1096.0 matches difference of 1096.0 and 9.0 (computed=1087.0000) within 1.0% tolerance.,table_0048
d95c3285-3f7e-45d3-af2c-e7466c38d386,What is the ratio of operating cash flows from finance leases to operating cash flows from operating leases in 2025?,0.278,"Operating cash flows from finance leases |  | 1372.0 |  | 734.0 |  | 501.0
Operating cash flows from operating leases | $ | 4931.0 | $ | 3550.0 | $ | 2706.0",Item 8,PART II > Item 8 > — LEASES,,numeric_calculation,medium,0.6746,,True,1.0,,Claimed value 0.278 matches ratio of 1372.0 and 4931.0 (computed=0.2782) within 1.0% tolerance.,table_0060
d4d309ed-c919-4e3b-8fa7-50e2e4fde964,What is the difference in revenue between 2025 and 2024?,17902.0,"Year Ended June 30, | 2025 | 2025.0 | 2024 | 2024.0 | 2023 | 2023.0
United States (a) | $ | 144546.0 | $ | 124704.0 | $ | 106744.0",Item 8,PART II > Item 8,,numeric_calculation,medium,0.641,,True,1.0,,Claimed value 17902.0 matches difference of 124704.0 and 106744.0 (computed=17960.0000) within 1.0% tolerance.,table_0072
e9462bbb-0d44-4a47-b8a0-bc4b6d129195,What is the primary difference between direct OEMs and system builders?,"Direct OEMs have a direct agreement with Microsoft, while system builders source Microsoft software through the Microsoft distributor channel.","The largest category of OEMs are direct OEMs as our relationship with them is managed through a direct agreement between Microsoft and the OEM. We have distribution agreements covering one or more of our products with virtually all the multinational OEMs, including Dell, Hewlett-Packard, Lenovo, and with many regional and local OEMs. The second broad category of OEMs are system builders consisting of lower-volume PC manufacturers, which source Microsoft software for pre-installation and local redistribution primarily through the Microsoft distributor channel rather than through a direct agreement or relationship with Microsoft.",Item 1,PART I > Item 1 > OEMs,,comparison,hard,0.7948,True,,1.0,high,The passage explicitly states this difference in how the two types of OEMs obtain Microsoft software.,chunk_00055
9ab09e2d-5cee-4e06-8eaf-cfcdc9714770,How do multinational OEMs and regional/local OEMs differ in terms of their agreements with Microsoft?,"Multinational OEMs have distribution agreements with Microsoft, while regional and local OEMs also have agreements, but the passage does not specify any differences.","We have distribution agreements covering one or more of our products with virtually all the multinational OEMs, including Dell, Hewlett-Packard, Lenovo, and with many regional and local OEMs.",Item 1,PART I > Item 1 > OEMs,,comparison,hard,0.7328,True,,1.0,high,"The passage explicitly states both groups have agreements and provides no differentiating details, aligning with the claimed answer.",chunk_00055
86d45d0a-0dae-4da1-bbd8-100ffc4fd221,"How long did Mr. Nadella serve as Executive Vice President, Cloud and Enterprise compared to his previous role as President, Server and Tools?","Mr. Nadella served as Executive Vice President, Cloud and Enterprise from July 2013 until February 2014, whereas he served as President, Server and Tools from 2011 to 2013.","Mr. Nadella was appointed Chairman of the Board in June 2021 and Chief Executive Officer in February 2014. He served as Executive Vice President, Cloud and Enterprise from July 2013 until that time. From 2011 to 2013, Mr. Nadella served as President, Server and Tools.",Item 1,PART I > Item 1 > E OFFICERS,,comparison,hard,0.9386,True,,1.0,high,"The derived answer directly reflects the dates and roles provided in the passage, and aligns with the claimed answer's description of the roles and their durations.",chunk_00068
a7aae035-8d5d-452c-b8ab-6bd602b42824,"How long did Ms. Hogan serve as Executive Vice President, Human Resources compared to her previous role as Corporate Vice President of Microsoft Services?","Ms. Hogan had been Executive Vice President, Human Resources since November 2014, whereas she was Corporate Vice President of Microsoft Services prior to that.","Ms. Hogan had been Executive Vice President, Human Resources since November 2014. Prior to that, Ms. Hogan was Corporate Vice President of Microsoft Services.",Item 1,PART I > Item 1 > E OFFICERS,,comparison,hard,0.9503,True,,1.0,high,"Both answers accurately reflect the information provided in the passage, noting the lack of duration details for either role.",chunk_00068
773c5c82-f723-4dee-acd5-5ce9a4b7465d,How do the costs of research and development for open source products compare to the costs borne by our company?,"Our company bears the full costs of research and development for our proprietary software, whereas companies that modify and distribute open source software at little or no cost to end users do not bear the full costs of research and development for the open source products.","Some companies compete with us by modifying and then distributing open source software at little or no cost to end users, developing, making available, or using AI models that are open, and earning revenue on advertising or integrated products and services. These firms do not bear the full costs of research and development for the open source products.",Item 1A,PART I > Item 1A > Business model competition,,comparison,hard,0.8574,True,,1.0,high,The passage explicitly states that these firms 'do not bear the full costs of research and development for the open source products'.,chunk_00081
801a1518-2541-4ecf-a472-f03842602c81,"How do the revenue models of companies that offer free applications, online services, and content compare to our revenue-generating products?","Companies that offer free applications, online services, and content make money by selling third-party advertising, whereas our revenue-generating products do not rely on advertising revenue.","Other competitors develop and offer free applications, online services, and content, and make money by selling third-party advertising. Advertising revenue funds development of products and services these competitors provide to users at little or no cost, competing directly with our revenue-generating products.",Item 1A,PART I > Item 1A > Business model competition,,comparison,hard,0.8442,True,,1.0,high,"The passage explicitly states that competitors make money through advertising and that this competes with 'our revenue-generating products', implying our products do not rely on the same advertising model.",chunk_00081
abf57efe-2267-4fe8-af7c-935248b3f4f2,How does the complexity of the legal and regulatory environment in the area of content moderation compare to the complexity of the legal and regulatory environment in other areas?,"The passage does not provide a basis for comparison, as it only discusses the complexity of the legal and regulatory environment in the area of content moderation.",The legal and regulatory environment in this area is complex and continues to evolve across multiple jurisdictions.,Item 1A,PART I > Item 1A > Other digital safety abuses,,comparison,hard,0.6184,True,,1.0,high,The passage focuses solely on describing the environment in 'this area' without offering any comparative details.,chunk_00107
41248ab1-e1dc-488a-bf14-78b501090f39,How does the risk of reputational damage from failing to comply with content requirements compare to the risk of reputational damage from failing to comply with other regulations?,"The passage does not provide a basis for comparison, as it only discusses the risk of reputational damage from failing to comply with content requirements.","Failure to comply with content requirements may subject us to enhanced regulatory oversight, civil or criminal liability, or reputational damage, which could adversely affect our business, financial condition, and results of operations.",Item 1A,PART I > Item 1A > Other digital safety abuses,,comparison,hard,0.6467,True,,1.0,high,The passage explicitly focuses on content requirements and doesn't provide any comparative information regarding other regulations.,chunk_00107
57374437-7786-4f12-97ff-a6c4f4a659a8,What are the potential consequences of non-compliance with sanctions compared to general ecosystem disruptions?,"Reputational harm, operational delays, monetary fines, loss of revenue, increased costs, loss of export privileges, or criminal sanctions","Non-compliance with sanctions as well as general ecosystem disruptions could result in reputational harm, operational delays, monetary fines, loss of revenue, increased costs, loss of export privileges, or criminal sanctions, which could adversely affect our business, financial condition, and results of operations.",Item 1A,PART I > Item 1A,,comparison,hard,0.8194,True,,1.0,high,"The passage explicitly lists these consequences as resulting from *both* non-compliance with sanctions *and* general ecosystem disruptions, making them the answer to the question.",chunk_00143
aa70af51-125d-45ba-b7c0-9acd6b55be7e,"What is the percentage increase in Server products and cloud services revenue from fiscal year 2024 to fiscal year 2025, and what is the actual revenue growth of Azure and other cloud services?",23% driven by Azure and other cloud services revenue growth of 34%,• Server products and cloud services revenue increased 23% driven by Azure and other cloud services revenue growth of 34%,ITEM 7. MANAGEMENT’S DISCUSSION AND ANALYSIS OF,PART II > ITEM 7. MANAGEMENT’S DISCUSSION AND ANALYSIS OF > OVERVIEW,,comparison,hard,0.9401,True,,1.0,high,"The passage directly states the percentage increases for both server products/cloud services and Azure/other cloud services, exactly matching the claimed answer.",chunk_00169
be5cd3bc-8cc3-4079-8843-c23e677ce2a4,What is the difference in foreign income before income taxes between fiscal year 2025 and fiscal year 2024?,$9.5 billion,"In fiscal year 2025, our U.S. income before income taxes was $69.2 billion and our foreign income before income taxes was $54.4 billion. In fiscal year 2024, our U.S. income before income taxes was $62.9 billion and our foreign income before income taxes was $44.9 billion.",Item 7,PART II > Item 7,,comparison,hard,0.6257,True,,1.0,high,"The passage states foreign income before taxes was $54.4 billion in 2025 and $44.9 billion in 2024, and $54.4 - $44.9 = $9.5.",chunk_00196;chunk_00182
c8784e5b-5b12-4b74-98e2-8c3213d2db66,What is the basis for recognizing the tax benefit from an uncertain tax position?,"It is more likely than not that the tax position will be sustained on examination by the taxing authorities, based on the technical merits of the position.","We recognize the tax benefit from an uncertain tax position only if it is more likely than not that the tax position will be sustained on examination by the taxing authorities, based on the technical merits of the position.",Item 7,PART II > Item 7,,comparison,hard,0.9156,True,,1.0,high,"The passage directly states the condition for recognizing the tax benefit, which is identical to the claimed answer.",chunk_00221
5ca8c32b-4f61-457c-83eb-165b96cf6e8f,"What is the difference in the total liabilities between June 30, 2025 and June 30, 2024?","$275,524 - $243,686 = $31,838","Total liabilities $275,524 $ 243,686",Item 8,PART II > Item 8,,comparison,hard,0.8612,True,,0.9167,high,"The passage provides two values for total liabilities, and the difference between them is calculated as $275,524 - $243,686, which equals $31,838.",chunk_00237;chunk_00398
56c63a96-6d6a-4f03-a343-f58f02697def,"What is the difference in the notional amount of foreign exchange contracts sold as of June 30, 2025, compared to June 30, 2024?","43,307 - 31,793 = 11,514","Foreign exchange contracts sold 43,307 31,793",Item 8,PART II > Item 8,,comparison,hard,0.7133,True,,1.0,high,"The passage provides two numbers representing foreign exchange contracts sold, and the difference between them is calculated as 43,307 - 31,793, which equals 11,514.",chunk_00315
9cb21635-2383-477f-adfc-9a11e3a378c0,"What is the difference in stock-based compensation expense between the year ended June 30, 2025 and the year ended June 30, 2024?","$1,240 million","Stock-based compensation expense $ 11,974 $ 10,734 $ 9,611",Item 8,PART II > Item 8 > NOTE 8 — GOODWILL > Goodwill Impairment,,comparison,hard,0.6347,True,,1.0,high,"The passage provides the stock-based compensation expense for two years ($11,974 and $10,734), and their difference is $1,240.",chunk_00327;chunk_00369
f944c17d-e6e9-4228-a2d6-45c793bb71a4,What is the difference in employer-funded retirement benefits between fiscal years 2025 and 2024?,$0.1 billion,"Employer-funded retirement benefits for all plans were $ 1.8 billion, $ 1.7 billion, and $ 1.6 billion in fiscal years 2025, 2024, and 2023, respectively, and were expensed as contributed.",Item 8,PART II > Item 8 > Savings Plans,,comparison,hard,0.6466,True,,1.0,high,"The passage states employer-funded benefits were $1.8 billion in 2025 and $1.7 billion in 2024, with a difference of $0.1 billion.",chunk_00377
9743d5ee-f09f-41b8-8cfe-2ea46322ee1a,Did the auditors express an unqualified opinion on the Company's internal control over financial reporting in 2025 compared to 2013?,"Yes, the auditors expressed an unqualified opinion on the Company's internal control over financial reporting in 2025, but the passage does not mention the year 2013 in the context of the opinion.","Our report dated July 30, 2025, expressed an unqualified opinion on the Company's internal control over financial reporting.",Item 8,PART II > Item 8,,comparison,hard,0.8013,True,,0.9919,high,Both answers directly reflect the information provided in the passage regarding the 2025 opinion and the absence of 2013 information.,chunk_00389;chunk_00268
414e5609-a4c0-4cfb-8567-5b83003d29b7,What is the difference between the adjusted cost basis of debt due after five years through 10 years and the adjusted cost basis of debt due after 10 years?,6530 - 1491 = 5039,"Due after five years through 10 years |  | 6530 |  | 6424
Due after 10 years |  | 1491 |  | 1402",Item 8,PART II > Item 8 > Debt Investment Maturities,,comparison,hard,0.7108,True,,1.0,high,"The passage provides the values 6530 and 1491, and the calculation directly reflects the question's request to find the difference between them.",table_0036;chunk_00243
4a06f6e3-d114-4ed5-b518-6d26c88bef7f,"What is the difference in the total amount of intangible assets between the year ended June 30, 2025 and the year ended June 30, 2024?",$1096 vs $23264,Total | $ | 1096 |  | 9 years | $ | 23264 |  | 14 years,Item 8,PART II > Item 8,,comparison,hard,0.8242,True,,1.0,high,"The passage directly states ""Total | $ | 1096 |  | 9 years | $ | 23264 |  | 14 years"" which represents the amounts and corresponding years.",table_0048
842d958c-6990-4dcd-9501-7059232a4359,"How does Microsoft plan to achieve sustained growth, and what is the key area where they expect to lead the industry?",They plan to achieve sustained growth by leading the industry in several distinct areas of technology over the long term.,"Our goal is to lead the industry in several distinct areas of technology over the long term, which we expect will translate to sustained growth.",Item 1,PART I > Item 1 > Our Future Opportunity,,multi_step_reasoning,hard,0.955,True,,1.0,high,The passage directly states the plan for sustained growth and the key area of leadership.,chunk_00019;chunk_00018
e58732bc-e941-4537-874f-ac0671508419,"What are the three interconnected ambitions of Microsoft's research and development efforts, and how do they relate to the company's vision?","The three interconnected ambitions are: 1) Reinvent productivity and business processes, 2) [second and third ambitions are not provided in the truncated passage, but the first one is mentioned as part of the company's vision to lead the industry in several distinct areas of technology].","To achieve our vision, our research and development efforts focus on three interconnected ambitions: • Reinvent productivity and business processes to help organizations and individuals work and collaborate more securely and efficiently.",Item 1,PART I > Item 1 > Our Future Opportunity,,multi_step_reasoning,hard,0.8426,True,,0.9958,high,"The derived answer accurately reflects the information provided in the passage, and the claimed answer correctly identifies the one ambition explicitly stated.",chunk_00019;chunk_00018
c75901f5-97d7-4694-a510-14b8f3459ade,What are some of the key tools that enable user acquisition and engagement for Microsoft's Search and news advertising business?,Microsoft Edge browser and Bing search engine with Copilot,Our Microsoft Edge browser and Bing search engine with Copilot are key tools to enable user acquisition and engagement,Item 1,PART I > Item 1 > Intelligent Cloud,,multi_step_reasoning,hard,0.882,True,,1.0,high,The passage explicitly states that Microsoft Edge and Bing with Copilot are key tools to enable user acquisition and engagement.,chunk_00031;chunk_00042
805f781b-2433-4d05-ae46-d4bc0990cf44,How does Microsoft's Windows compete effectively in the market?,"by giving customers choice, value, flexibility, security, an easy-to-use interface, and compatibility with a broad range of hardware and software applications, including those that enable productivity.","We believe Windows competes effectively by giving customers choice, value, flexibility, security, an easy-to-use interface, and compatibility with a broad range of hardware and software applications, including those that enable productivity.",Item 1,PART I > Item 1 > Competition,,multi_step_reasoning,hard,0.8639,True,,1.0,high,"The passage directly states how Windows competes, and the claimed answer is a verbatim quote from the text.",chunk_00043
cc68bc32-8cdf-43b2-86dc-3559275e2902,What are some key factors that differentiate Microsoft's gaming platform from its competitors?,"significant innovation in hardware architecture, user interface, developer tools, online gaming and entertainment services, and continued strong content from our own first-party game franchises as well as other digital content offerings.","Our gaming platform competes with other console platforms. We believe our gaming platform is effectively positioned against, and uniquely differentiated from, competitive products and services based on significant innovation in hardware architecture, user interface, developer tools, online gaming and entertainment services, and continued strong content from our own first-party game franchises as well as other digital content offerings.",Item 1,PART I > Item 1 > Competition,,multi_step_reasoning,hard,0.7489,True,,1.0,high,The passage explicitly lists these factors as differentiators.,chunk_00043
9604c6b7-f6e4-49fa-bbfe-aec3e71fb19b,What are the two broad categories of OEMs that Microsoft works with?,direct OEMs and system builders,"There are two broad categories of OEMs. The largest category of OEMs are direct OEMs as our relationship with them is managed through a direct agreement between Microsoft and the OEM. We have distribution agreements covering one or more of our products with virtually all the multinational OEMs, including Dell, Hewlett-Packard, Lenovo, and with many regional and local OEMs. The second broad category of OEMs are system builders consisting of lower-volume PC manufacturers, which source Microsoft software for pre-installation and local redistribution primarily through the Microsoft distributor channel rather than through a direct agreement or relationship with Microsoft.",Item 1,PART I > Item 1 > OEMs,,multi_step_reasoning,hard,0.7658,True,,1.0,high,"The passage explicitly states, ""There are two broad categories of OEMs: direct OEMs... and system builders...""",chunk_00055;chunk_00049
53e943ad-c1ce-4f34-b3dd-ca4c808f31bf,How does Microsoft protect its intellectual property investments?,"Microsoft works actively in the U.S. and internationally to ensure the enforcement of copyright, patent, trademark, trade secret, and other protections, and also engages in outbound licensing of specific patented technologies, enters into cross-license agreements, purchases or licenses technology, and makes select intellectual property broadly available at no or low cost.","Intellectual Property We protect our intellectual property investments in a variety of ways. We work actively in the U.S. and internationally to ensure the enforcement of copyright, patent, trademark, trade secret, and other protections that apply to our software and hardware products, services, business plans, and branding. While we employ much of our internally-developed intellectual property in our products and services, we also engage in outbound licensing of specific patented technologies that are incorporated into licensees’ products. From time to time, we enter into broader cross-license agreements with other technology companies covering entire groups of patents. We may also purchase or license technology that we incorporate into our products and services. At times, we make select intellectual property broadly available at no or low cost to achieve a strategic objective, such as promoting industry standards, advancing interoperability, supporting societal and/or environmental efforts, or attracting and enabling our external development community. Our engagement with open source software also causes us to license our intellectual property rights broadly in certain situations.",Item 1,PART I > Item 1 > OEMs,,multi_step_reasoning,hard,0.8093,True,,1.0,high,The derived answer is a direct compilation of the methods listed in the passage for protecting intellectual property.,chunk_00055;chunk_00049
c1d575d7-175b-4e48-b2bd-9ee574b480aa,How might the competitive pressures described above affect our financial condition and results of operations?,"Decreased sales volumes, price reductions, and/or increased operating costs, such as for research and development, marketing, and sales incentives.","The competitive pressures described above may cause decreased sales volumes, price reductions, and/or increased operating costs, such as for research and development, marketing, and sales incentives, which could adversely affect our financial condition and results of operations.",Item 1A,PART I > Item 1A > Business model competition,,multi_step_reasoning,hard,0.9028,True,,1.0,high,The passage directly states these as potential effects of the competitive pressures.,chunk_00081
70682377-9ca7-40cd-9165-9e32bdf0b8ea,What are some of the execution and competitive risks associated with our focus on cloud-based and AI services?,"Significant costs to build and maintain infrastructure to support cloud-based and AI services, reducing operating margins, and execution in several areas, including infrastructure, platform, and software-as-a-service business models.","Our focus on cloud-based and AI services presents execution and competitive risks. We are incurring significant costs to build and maintain infrastructure to support cloud-based and AI services, reducing operating margins. Whether we succeed in cloud-based and AI services depends on our execution in several areas, including: infrastructure, platform, and software-as-a-service business models.",Item 1A,PART I > Item 1A > Business model competition,,multi_step_reasoning,hard,0.8324,True,,0.9043,high,The derived answer is a direct restatement of information explicitly found within the provided passage.,chunk_00081
cd997816-dc93-47f7-93b9-7d08f7e8bdc2,Why might the security of our products and services be a significant challenge?,"Because security threats are a significant challenge to companies like us, whose business is providing technology products and services to others.","Security threats are a significant challenge to companies like us, whose business is providing technology products and services to others.",Item 1A,PART I > Item 1A,,multi_step_reasoning,hard,0.986,True,,1.0,high,The claimed answer is a direct quote from the provided passage and accurately answers the question.,chunk_00094;chunk_00138
6da0ee8d-da56-4820-9e4b-dc3fa5e1c1c4,Why might our customers' use of our cloud services be vulnerable to attacks?,Because adversaries will continue to attack customers using our cloud services as customers embrace digital transformation.,Adversaries will continue to attack customers using our cloud services as customers embrace digital transformation.,Item 1A,PART I > Item 1A,,multi_step_reasoning,hard,0.9738,True,,1.0,high,The passage directly states that adversaries will attack customers as they adopt digital transformation and use cloud services.,chunk_00094;chunk_00138
206f0e80-ed79-4792-8382-143b545bfb31,How might the company's reputation be affected by the use of its products and services?,"Negatively, due to the potential for users to discover harmful or illegal content.","When discovered by users and others, such content may negatively affect our reputation, our brands, and user engagement.",Item 1A,PART I > Item 1A > Other digital safety abuses,,multi_step_reasoning,hard,0.8561,True,,1.0,high,The passage explicitly states that discovered content 'may negatively affect our reputation'.,chunk_00107
c3ca81f3-61b1-4749-aabb-6a1270dbd853,What might happen if the company's products and services do not work as intended or are used inappropriately?,"The company may be subject to legal claims or enforcement actions, which could increase costs, damage its reputation, or adversely affect its results of operations.","If our products and services do not work as intended, are utilized in methods not intended, violate the law, or harm individuals or businesses, we may be subject to legal claims or enforcement actions.",Item 1A,PART I > Item 1A > Other digital safety abuses,,multi_step_reasoning,hard,0.7799,True,,1.0,high,"The passage directly states that if products/services don't work as intended or are utilized inappropriately, legal claims or enforcement actions may occur.",chunk_00107
0165845c-1ef0-49e8-93e3-e5512438cccf,"If competition law enforcement actions and court decisions hinder our ability to provide the benefits of our software, what might be the result on the revenue from our products?",reducing the attractiveness of our products and the revenue that comes from them,"Competition law enforcement actions and court decisions along with new market regulations may result in fines or hinder our ability to provide the benefits of our software to consumers and businesses, reducing the attractiveness of our products and the revenue that comes from them.",Item 1A,"PART I > Item 1A > LEGAL, REGULATORY, AND LITIGATION RISKS",,multi_step_reasoning,hard,0.7365,True,,1.0,high,The passage explicitly states that hindering the ability to provide software benefits will result in reducing the attractiveness of products and the revenue from them.,chunk_00119
e884ea67-63aa-42c4-a0d9-324160721648,"If new competition law actions or obligations under market regulation schemes are initiated, what might be the basis for these actions?",potentially using previous actions as precedent,"New competition law actions or obligations under market regulation schemes could be initiated, potentially using previous actions as precedent.",Item 1A,"PART I > Item 1A > LEGAL, REGULATORY, AND LITIGATION RISKS",,multi_step_reasoning,hard,0.7703,True,,1.0,high,"The passage explicitly states that new actions 'could be initiated, potentially using previous actions as precedent'.",chunk_00119
04102b36-b7b3-41b7-b49f-0878f361b4f1,What might happen to our ability to conduct our business if we experience adverse outcomes in some or all of the claims against us?,It could be adversely affected.,Adverse outcomes in some or all of these claims may result in significant monetary damages or injunctive relief that could adversely affect our ability to conduct our business.,Item 1A,PART I > Item 1A,,multi_step_reasoning,hard,0.7747,True,,1.0,high,The passage explicitly states that adverse outcomes could 'adversely affect our ability to conduct our business'.,chunk_00131;chunk_00132
48e02917-c66c-4af3-8202-26dd75bb3979,When might an adverse impact to our financial condition and results of operations occur?,For the period in which the effect of an unfavorable outcome becomes probable and reasonably estimable.,An adverse impact to our financial condition and results of operations could occur for the period in which the effect of an unfavorable outcome becomes probable and reasonably estimable.,Item 1A,PART I > Item 1A,,multi_step_reasoning,hard,0.9007,True,,1.0,high,"The passage directly states the condition for when an adverse impact might occur, and it is identical to the claimed answer.",chunk_00131;chunk_00132
636e1d50-da2e-420d-b5d6-1fbdd69658c7,"What could happen to our business, financial condition, and results of operations if we experience operational delays?","reputational harm, monetary fines, loss of revenue, increased costs, loss of export privileges, or criminal sanctions","Non-compliance with sanctions as well as general ecosystem disruptions could result in reputational harm, operational delays, monetary fines, loss of revenue, increased costs, loss of export privileges, or criminal sanctions, which could adversely affect our business, financial condition, and results of operations.",Item 1A,PART I > Item 1A,,multi_step_reasoning,hard,0.811,True,,1.0,high,"The passage explicitly states these consequences could result from operational delays, alongside non-compliance and ecosystem disruptions.",chunk_00143
15cc1bb2-9f1a-4e85-a3d0-013b8fbfabf0,"What are some examples of global, regional, and local economic developments that could adversely affect our results of operations?","inflation, and recession","Global, regional, and local economic developments, monetary policy, geopolitical tension, particularly between the U.S. and Europe, restrictions on international trade, such as tariffs and other controls on imports or exports, inflation, and recession, as well as political and military disputes, could adversely affect our results of operations.",Item 1A,PART I > Item 1A,,multi_step_reasoning,hard,0.6527,True,,1.0,high,"The passage explicitly lists ""inflation, and recession"" as factors that could adversely affect results of operations.",chunk_00143
8ded846f-a4e4-4aa0-8fb8-9047f4f5d5a1,What is the company's approach to addressing the increasingly challenging cybersecurity threat environment?,"The company is committed to continuously monitoring cybersecurity threats, enhancing the security of its products, investing in its cybersecurity infrastructure, and collaborating with peers, customers, service providers, regulators, and governments to advance its and the entire digital ecosystem’s cybersecurity defenses and resiliency.","However, the cybersecurity threat environment is increasingly challenging, and we, along with the entire digital ecosystem, are under constant and increasing threat. As discussed above, our business strategy is tied to the SFI and we are committed to continuously monitoring cybersecurity threats, enhancing the security of our products, investing in our cybersecurity infrastructure, and collaborating with peers, customers, service providers, regulators, and governments to advance our and the entire digital ecosystem’s cybersecurity defenses and resiliency.",Item 1C,PART I > Item 1C,,multi_step_reasoning,hard,0.831,True,,1.0,high,The passage explicitly states all the components of the company's approach as presented in the claimed answer.,chunk_00155
570e2fb4-c189-4bf0-9b40-e95e0f7dd5d3,What is the primary source of Microsoft's revenue?,"Microsoft generates revenue by offering a wide range of cloud-based solutions, content, and other services to people and businesses; licensing and supporting an array of software products; delivering relevant online advertising to a global audience; and designing and selling devices.","We generate revenue by offering a wide range of cloud-based solutions, content, and other services to people and businesses; licensing and supporting an array of software products; delivering relevant online advertising to a global audience; and designing and selling devices.",ITEM 7. MANAGEMENT’S DISCUSSION AND ANALYSIS OF,PART II > ITEM 7. MANAGEMENT’S DISCUSSION AND ANALYSIS OF > OVERVIEW,,multi_step_reasoning,hard,0.9248,True,,1.0,high,"The passage explicitly lists these as the ways Microsoft generates revenue, and the claimed answer is a direct quote from the passage.",chunk_00169
2eb1f289-f5c7-468b-9b93-09c62ffd2d52,How did the growth in Dynamics 365 revenue impact the overall revenue of Dynamics products and cloud services?,"It drove a 15% increase in revenue, offset in part by a decline in Dynamics on-premises products.","Dynamics products and cloud services revenue increased $996 million or 15% driven by growth in Dynamics 365, offset in part by a decline in Dynamics on-premises products.",Item 7,PART II > Item 7 > SEGMENT RESULTS OF OPERATIONS > Productivity and Business Processes,,multi_step_reasoning,hard,0.7907,True,,1.0,high,The passage explicitly states that the $996 million (15%) increase was 'driven by growth in Dynamics 365' and also mentions the offsetting decline in on-premises products.,chunk_00183;chunk_00190
b9588159-45db-48ef-ae1e-00bddd6570c5,What is the reason for Microsoft's effective tax rate being lower than the U.S. federal statutory rate?,Earnings taxed at lower rates in foreign jurisdictions resulting from producing and distributing our products and services through our foreign regional operations center in Ireland.,"Our effective tax rate was lower than the U.S. federal statutory rate, primarily due to earnings taxed at lower rates in foreign jurisdictions resulting from producing and distributing our products and services through our foreign regional operations center in Ireland.",Item 7,PART II > Item 7,,multi_step_reasoning,hard,0.9378,True,,1.0,high,The passage explicitly states this as the primary reason for the lower effective tax rate.,chunk_00196
1cd54eb5-423c-43ef-83bf-32f3f7a48b4a,What is the impact of the One Big Beautiful Bill Act (OBBBA) on Microsoft's tax rate?,It provides a U.S. global intangible low-taxed income effective tax rate of 14% effective fiscal year 2027 for Microsoft.,The OBBBA provides a U.S. global intangible low-taxed income effective tax rate of 14% effective fiscal year 2027 for Microsoft.,Item 7,PART II > Item 7,,multi_step_reasoning,hard,0.9439,True,,1.0,high,"The passage directly states the impact of the OBBBA on Microsoft's tax rate, and it is identical to the claimed answer.",chunk_00196
7a22c18d-3a9b-4e6d-bbe6-57647de1b49b,"What type of commitments are primarily related to datacenters, and what types of contracts are included in these commitments?",Purchase commitments primarily relate to datacenters and include open purchase orders and take-or-pay contracts.,Purchase commitments primarily relate to datacenters and include open purchase orders and take-or-pay contracts that are not presented as construction commitments above.,Item 7,PART II > Item 7 > Contractual Obligations,,multi_step_reasoning,hard,0.916,True,,1.0,high,The passage directly states the answer to the question without requiring any inference.,chunk_00208
9c4a4971-9e02-4505-bb3b-f66c05fc7b23,"What types of contractual obligations are not presented in the table, and what types of notes should be referred to for more information?","Debt and Property and Equipment, refer to Note 10 and Note 6 respectively.","The following table summarizes the payments due by fiscal year for our outstanding contractual obligations as of June 30, 2025: (a) Refer to Note 10 – Debt of the Notes to Financial Statements (Part II, Item 8 of this Form 10-K). (b) Refer to Note 6 – Property and Equipment of the Notes to Financial Statements (Part II, Item 8 of this Form 10-K).",Item 7,PART II > Item 7 > Contractual Obligations,,multi_step_reasoning,hard,0.7287,True,,0.9514,high,The passage explicitly states the table summarizes payments for outstanding contractual obligations and directs the reader to Note 10 for Debt and Note 6 for Property and Equipment.,chunk_00208
cd440a7d-acf8-4151-93ec-5639a152ddf8,"How do we determine when technological feasibility of a software product is established, and what is the impact of this determination on our financial statements?","We determine technological feasibility when all high-risk development issues have been resolved through coding and testing, and this judgment is required in determining when technological feasibility is established. The impact of this determination is that software costs are capitalized until the product is available for general release to customers.","Research and Development Costs Costs incurred internally in researching and developing a software product to be marketed or sold to external users are charged to expense until technological feasibility has been established for the product. Once technological feasibility is established, software costs are capitalized until the product is available for general release to customers. Judgment is required in determining when technological feasibility of a product is established. We have determined that technological feasibility for our software products is reached after all high-risk development issues have been resolved through coding and testing.",Item 7,PART II > Item 7,,multi_step_reasoning,hard,0.8966,True,,1.0,high,"The derived answer is a direct restatement of information found within the provided passage, and aligns perfectly with the claimed answer.",chunk_00221;chunk_00200
a6312e24-083d-4be5-8643-17987022c2c3,What is the relationship between the net realized gains on investments sold and the total net recognized gains (losses) on equity investments?,Net realized gains on investments sold is a component of the total net recognized gains (losses) on equity investments.,"Net recognized gains (losses) on equity investments were as follows:
Net recognized gains (losses) on equity investments were as follows: (In millions) Year Ended June 30, 2025 2024 2023 Net realized gains on investments sold $ 83 $ 18 $ 75 Net unrealized gains on investments still held 536 146 303 Impairments of investments ( 951 ) ( 229 ) ( 20 ) Total $ ( 332 ) $ ( 65 ) $ 358",Item 8,PART II > Item 8 > Revenue Recognition,,multi_step_reasoning,hard,0.8883,True,,0.9895,high,The passage explicitly lists 'Net realized gains on investments sold' as part of the calculation for 'Total net recognized gains (losses) on equity investments'.,chunk_00254;chunk_00299
7d820261-7abc-4e37-9409-0d505f4cf051,How are stock-based compensation costs for stock awards measured and recognized?,"Stock-based compensation costs for stock awards are measured at the fair value on the grant date and recognized as expense, net of estimated forfeitures, over the related service or performance period.","Stock-Based Compensation Compensation cost for stock awards, which include restricted stock units (“RSUs”) and performance stock units (“PSUs”), is measured at the fair value on the grant date and recognized as expense, net of estimated forfeitures, over the related service or performance period.",Item 8,PART II > Item 8 > Sales and Marketing,,multi_step_reasoning,hard,0.798,True,,1.0,high,The passage directly states the measurement and recognition method for stock-based compensation costs.,chunk_00266;table_0032
7feade87-0ee6-490b-8fee-a6c5303af34e,What types of assets and liabilities are included in our Level 3 assets and liabilities?,"investments in corporate notes and bonds, municipal securities, and goodwill and intangible assets","Our Level 3 assets and liabilities include investments in corporate notes and bonds, municipal securities, and goodwill and intangible assets, when they are recorded at fair value due to an impairment charge.",Item 8,PART II > Item 8,,multi_step_reasoning,hard,0.7884,True,,1.0,high,The passage explicitly lists these assets and liabilities as being included in Level 3.,chunk_00278
6c5ee112-4899-4555-9b51-d06b53aa81ba,"What is the relationship between Reid Hoffman and Inflection AI, Inc.?","Reid Hoffman is a co-founder of and serves on the board of directors of Inflection AI, Inc.","Reid Hoffman, a member of our Board of Directors, is a co-founder of and serves on the board of directors of Inflection.",Item 8,PART II > Item 8 > Related Party Transactions,,multi_step_reasoning,hard,0.9378,True,,1.0,high,The passage explicitly states Reid Hoffman is a co-founder of and serves on the board of directors of Inflection.,chunk_00290;chunk_00323
6cfd42c2-80cf-4e6f-bdee-d84d722556c2,"What is the total value of equity investments without readily determinable fair values measured at cost with adjustments for observable changes in price or impairments as of June 30, 2024?",$3.9 billion,"As of June 30, 2024, equity investments without readily determinable fair values measured at cost with adjustments for observable changes in price or impairments were $ 3.9 billion, respectively.",Item 8,PART II > Item 8,,multi_step_reasoning,hard,0.6809,True,,0.9231,high,"The passage explicitly states the value as ""$3.9 billion"" as of June 30, 2024.",chunk_00302
0a0d0de0-13fe-48bc-9b30-ce926171ec09,What is the purpose of deferred income tax balances?,The effects of temporary differences between the carrying amounts of assets and liabilities and their tax bases.,Deferred income tax balances reflect the effects of temporary differences between the carrying amounts of assets and liabilities and their tax bases and are stated at enacted tax rates expected to be in effect when the taxes are paid or recovered.,Item 8,PART II > Item 8,,multi_step_reasoning,hard,0.9029,True,,1.0,high,The passage directly states the purpose of deferred income tax balances as reflecting those effects.,chunk_00340
ce0c7520-ec2f-4238-b435-725087243b10,"What is the total amount of dividends declared by the Board of Directors for Fiscal Year 2025, and how does this compare to the total amount of dividends declared for Fiscal Year 2024?","The total amount of dividends declared for Fiscal Year 2025 is $24,678, and this is greater than the total amount of dividends declared for Fiscal Year 2024, which is $22,295.","Our Board of Directors declared the following dividends: Declaration Date Record Date Payment Date Dividend Per Share Amount Fiscal Year 2025 (In millions) September 16, 2024 November 21, 2024 December 12, 2024 $ 0.83 $ 6,170 December 3, 2024 February 20, 2025 March 13, 2025 0.83 6,169 March 11, 2025 May 15, 2025 June 12, 2025 0.83 6,169 June 10, 2025 August 21, 2025 September 11, 2025 0.83 6,170 Total $ 3.32 $ 24,678 Fiscal Year 2024 September 19, 2023 November 16, 2023 December 14, 2023 $ 0.75 $ 5,574 November 28, 2023 February 15, 2024 March 14, 2024 0.75 5,573 March 12, 2024 May 16, 2024 June 13, 2024 0.75 5,574 June 12, 2024 August 15, 2024 September 12, 2024 0.75 5,574 Total $ 3.00 $ 22,295",Item 8,PART II > Item 8 > Dividends,,multi_step_reasoning,hard,0.8293,True,,1.0,high,The passage explicitly states the total dividend amounts for both fiscal years and allows for a direct comparison.,chunk_00365
fdeeb818-b9df-403e-a040-0e65d586b88b,"For Fiscal Year 2025, on which date was the dividend declared that was included in other current liabilities as of June 30, 2025?","The dividend declared on June 10, 2025 was included in other current liabilities as of June 30, 2025.","Our Board of Directors declared the following dividends: The dividend declared on June 10, 2025 was included in other current liabilities as of June 30, 2025.",Item 8,PART II > Item 8 > Dividends,,multi_step_reasoning,hard,0.8912,True,,0.9937,high,"The passage explicitly states the dividend was declared on June 10, 2025 and included in liabilities as of June 30, 2025.",chunk_00365
72f49a82-055b-4362-9b2c-68044e0b0318,What is the trend in employer-funded retirement benefits for the savings plans over the three fiscal years?,The employer-funded retirement benefits decreased from $1.8 billion in 2025 to $1.7 billion in 2024 and then to $1.6 billion in 2023.,"Employer-funded retirement benefits for all plans were $1.8 billion, $1.7 billion, and $1.6 billion in fiscal years 2025, 2024, and 2023, respectively, and were expensed as contributed.",Item 8,PART II > Item 8 > Savings Plans,,multi_step_reasoning,hard,0.8383,True,,0.9838,high,"The passage explicitly states the benefit amounts for each year and demonstrates a decreasing trend, which is accurately reflected in the claimed answer.",chunk_00377
20105a99-bc7f-4cbd-a5d7-752fc7f2105f,"What is the responsibility of the Company's management in relation to the financial statements, and how does this relate to the responsibility of the independent registered public accounting firm?","The responsibility of the Company's management is to prepare the financial statements, while the responsibility of the independent registered public accounting firm is to express an opinion on the financial statements based on their audits.",These financial statements are the responsibility of the Company's management. Our responsibility is to express an opinion on the Company's financial statements based on our audits.,Item 8,PART II > Item 8,,multi_step_reasoning,hard,0.8897,True,,1.0,high,The derived answer is a direct restatement of the information provided in the passage.,chunk_00389;chunk_00253
64c268cb-bf49-4015-9750-24a214710d8e,"What are the standards that the independent registered public accounting firm is required to follow in conducting their audits, and what is the purpose of these standards?","The independent registered public accounting firm is required to follow the standards of the Public Company Accounting Oversight Board (PCAOB), which require them to plan and perform the audit to obtain reasonable assurance about whether the financial statements are free of material misstatement.","We conducted our audits in accordance with the standards of the PCAOB. Those standards require that we plan and perform the audit to obtain reasonable assurance about whether the financial statements are free of material misstatement, whether due to error or fraud.",Item 8,PART II > Item 8,,multi_step_reasoning,hard,0.8787,True,,1.0,high,The derived answer is a direct restatement of information explicitly found within the provided passage.,chunk_00389;chunk_00253
515fc553-413d-4da7-b4d9-4bd7f2f2087b,"What is the conclusion of management regarding the effectiveness of internal control over financial reporting, and what is the date of this conclusion?","Management concluded that the Company’s internal control over financial reporting was effective as of June 30, 2025.","Management conducted an evaluation of the effectiveness of our internal control over financial reporting based on the framework in Internal Control – Integrated Framework (2013) issued by the Committee of Sponsoring Organizations of the Treadway Commission. Based on this evaluation, management concluded that the Company’s internal control over financial reporting was effective as of June 30, 2025.",ITEM 9A. CONTROLS,PART II > ITEM 9A. CONTROLS > AND PROCEDURES,,multi_step_reasoning,hard,0.7519,True,,1.0,high,The passage explicitly states management's conclusion and the date of that conclusion.,chunk_00403;chunk_00404
fedf87a8-6261-4df7-8c84-959f6e8e4c7f,What type of information is being incorporated from the Proxy Statement?,"Stock Ownership Information, Principal Shareholders, and Equity Compensation Plan Information","The information in the Proxy Statement set forth under the captions “Stock Ownership Information,” “Principal Shareholders,” and “Equity Compensation Plan Information” is incorporated herein by reference.",ITEM 12. SECURITY OWNERSHIP OF CERTAIN BENEFICIAL OWN,PART III > ITEM 12. SECURITY OWNERSHIP OF CERTAIN BENEFICIAL OWN > ERS AND MANAGEMENT AND RELATED STOCKHOLDER MATTERS,,multi_step_reasoning,hard,0.8104,True,,1.0,high,The passage explicitly states that information under those three captions is being incorporated.,chunk_00418
90876edd-08e6-47bc-92df-7b9abfd319f1,What is the purpose of the report filed by the company?,Annual report pursuant to Section 13 or 15(d) of the Securities Exchange Act of 1934,☒ | ANNUAL REPORT PURSUANT TO SECTION 13 OR 15(d) OF THE SECURITIES EXCHANGE ACT OF 1934,,10-K,,multi_step_reasoning,hard,0.9824,True,,1.0,high,"The passage explicitly states ""ANNUAL REPORT PURSUANT TO SECTION 13 OR 15(d) OF THE SECURITIES EXCHANGE ACT OF 1934"".",table_0000
a5979676-110d-42d4-af6b-62199ac01dff,What type of report is the company required to file under the Securities Exchange Act of 1934?,Annual report,☒ | ANNUAL REPORT PURSUANT TO SECTION 13 OR 15(d) OF THE SECURITIES EXCHANGE ACT OF 1934,,10-K,,multi_step_reasoning,hard,0.7449,True,,1.0,high,"The passage explicitly states ""ANNUAL REPORT PURSUANT TO SECTION 13 OR 15(d) OF THE SECURITIES EXCHANGE ACT OF 1934"".",table_0000
7fbfbc8e-6954-418e-9240-ac675568706b,"What is the total comprehensive income for the year ended June 30, 2025, and how does it compare to the total comprehensive income for the year ended June 30, 2023?","The total comprehensive income for the year ended June 30, 2025 is $104,075, and the total comprehensive income for the year ended June 30, 2023 is $70,696.","Year Ended June 30, | 2025 | 2025 |  | 2024 | 2024 |  | 2023 | 2023 | 
Net income | $ | 101832 |  | $ | 88136 |  | $ | 72361 | 
Comprehensive income | $ | 104075 |  | $ | 88889 |  | $ | 70696 |",Item 8,PART II > Item 8 > COME STATEMENTS,,multi_step_reasoning,hard,0.9228,True,,1.0,high,The derived answer is a direct quote of the values provided in the passage for comprehensive income in 2025 and 2023.,table_0024
07e67cf5-eda4-43da-9395-98b4da7c8107,"What is the estimated fair value of debt investments due in one year or less, and how does it compare to the adjusted cost basis of these investments?","The estimated fair value is $34952, which is less than the adjusted cost basis of $35108.",Due in one year or less | $ | 35108 | $ | 34952,Item 8,PART II > Item 8 > Debt Investment Maturities,,multi_step_reasoning,hard,0.6637,True,,1.0,high,"The passage directly provides the fair value and adjusted cost basis, allowing for a straightforward comparison.",table_0036
d589c4b7-c1f3-4021-82bd-126255451691,"What is the weighted average life of the marketing-related assets for the year ended June 30, 2025, and how does it compare to the weighted average life of the marketing-related assets for the year ended June 30, 2024?","The weighted average life of the marketing-related assets for the year ended June 30, 2025 is 10 years, and the weighted average life of the marketing-related assets for the year ended June 30, 2024 is 24 years.","Year Ended June 30, | 2025 | 2025 |  |  | 2024 | 2024 |  |  Marketing-related | $ | 13 |  | 10 years | $ | 11619 |  | 24 years",Item 8,PART II > Item 8,,multi_step_reasoning,hard,0.8251,True,,1.0,high,The passage explicitly states '10 years' for 2025 and '24 years' for 2024 regarding marketing-related assets.,table_0048
2ae36e06-9ef9-4edb-be51-f3ea5beaf4d9,"What is the total amount of marketing-related and technology-based assets for the year ended June 30, 2025, and how does it compare to the total amount of marketing-related and technology-based assets for the year ended June 30, 2024?","The total amount of marketing-related and technology-based assets for the year ended June 30, 2025 is $1096, and the total amount of marketing-related and technology-based assets for the year ended June 30, 2024 is $23264.","Year Ended June 30, | 2025 | 2025 |  |  | 2024 | 2024 |  |  Marketing-related | $ | 13 |  | 10 years | $ | 11619 |  | 24 years Technology-based |  | 912 |  | 9 years |  | 10947 |  | 4 years Total | $ | 1096 |  | 9 years | $ | 23264 |  | 14 years",Item 8,PART II > Item 8,,multi_step_reasoning,hard,0.8856,True,,1.0,high,The derived answer is a direct extraction of the relevant data from the provided passage.,table_0048
6b566cea-1a2d-4f83-816e-1e64c525bf66,"What is the total amount of cash paid for finance leases in the year ended June 30, 2025?","The total amount of cash paid for finance leases in the year ended June 30, 2025 is $1372.0 + $2283.0.",Cash paid for amounts included in the measurement of lease liabilities: |  |  |  |  |  | Operating cash flows from finance leases | $ | 1372.0 | $ | 734.0 | $ | 501.0 Financing cash flows from finance leases |  | 2283.0 |  | 1286.0 |  | 1056.0,Item 8,PART II > Item 8 > — LEASES,,multi_step_reasoning,hard,0.8116,True,,1.0,high,"The passage provides two values related to cash paid for finance leases: $1372.0 for operating cash flows and $2283.0 for financing cash flows, and their sum is $3655.0.",table_0060
44848edb-f1aa-4f8c-abd9-03bc35137036,What is the percentage increase in total revenue from 2023 to 2025?,32%,"Year Ended June 30, | 2025 | 2025.0 | 2024 | 2024.0 | 2023 | 2023.0
United States (a) | $ | 144546.0 | $ | 124704.0 | $ | 106744.0
Other countries |  | 137178.0 |  | 120418.0 |  | 105171.0
Total | $ | 281724.0 | $ | 245122.0 | $ | 211915.0",Item 8,PART II > Item 8,,multi_step_reasoning,hard,0.6375,True,,1.0,high,"The total revenue in 2023 was $211915.0 and in 2025 it was $281724.0, resulting in a percentage increase of (($281724.0 - $211915.0) / $211915.0) * 100 = 32.2%.",table_0072
